Product Name,Brand,Category Path,Base Unit,Packaging Units,Variant Name,SKU,Barcode,Attributes,Base Price,Packaging Prices,Stock,Cost,Description,Featured
Men's Classic Polo,Ralph Lauren,Fashion > Men > Shirts,Pcs,Box:10; Carton:100,Navy / M,POLO-NVY-M,8852001,Color:Navy; Size:M,45.00,Box:420.00; Carton:4000.00,50,25.00,Premium 100% cotton pique polo shirt,BESTSELLER
Men's Classic Polo,Ralph Lauren,Fashion > Men > Shirts,Pcs,Box:10; Carton:100,Navy / L,POLO-NVY-L,8852002,Color:Navy; Size:L,45.00,Box:420.00; Carton:4000.00,40,25.00,Premium 100% cotton pique polo shirt,BESTSELLER
Men's Classic Polo,Ralph Lauren,Fashion > Men > Shirts,Pcs,Box:10; Carton:100,White / M,POLO-WHT-M,8852003,Color:White; Size:M,45.00,Box:420.00; Carton:4000.00,35,25.00,Premium 100% cotton pique polo shirt,BESTSELLER
Men's Classic Polo,Ralph Lauren,Fashion > Men > Shirts,Pcs,Box:10; Carton:100,White / L,POLO-WHT-L,8852004,Color:White; Size:L,45.00,Box:420.00; Carton:4000.00,25,25.00,Premium 100% cotton pique polo shirt,BESTSELLER
True Wireless Noise Canceling Earbuds,Sony,Electronics > Audio > Headphones,Pcs,Box:5,Matte Black,EARBUD-BLK-01,8853001,Color:Black,129.99,Box:600.00,100,75.00,Industry leading noise canceling earbuds with high resolution audio,POPULAR
True Wireless Noise Canceling Earbuds,Sony,Electronics > Audio > Headphones,Pcs,Box:5,Silver Gray,EARBUD-SLV-01,8853002,Color:Silver,129.99,Box:600.00,60,75.00,Industry leading noise canceling earbuds with high resolution audio,POPULAR
Organic Fragrant Jasmine Rice 5kg,Golden Harvest,Grocery > Rice & Grains,Bag,Carton:4,5kg Family Bag,RICE-JAS-5KG,8854001,Weight:5kg,14.50,Carton:54.00,300,9.00,100% pure fragrant Cambodian jasmine rice,NEW_ARRIVAL
Organic Fragrant Jasmine Rice 10kg,Golden Harvest,Grocery > Rice & Grains,Bag,Carton:2,10kg Bulk Bag,RICE-JAS-10KG,8854002,Weight:10kg,26.00,Carton:50.00,150,17.50,100% pure fragrant Cambodian jasmine rice,NORMAL
Pro Runner Running Shoes,Nike,Footwear > Athletic > Running,Pair,,Black / US 9,SHOE-RN-BLK-9,8855001,Color:Black; Size:US 9,110.00,,45,60.00,Breathable lightweight running shoes with responsive cushioning,TRENDING
Pro Runner Running Shoes,Nike,Footwear > Athletic > Running,Pair,,Black / US 10,SHOE-RN-BLK-10,8855002,Color:Black; Size:US 10,110.00,,50,60.00,Breathable lightweight running shoes with responsive cushioning,TRENDING
Pro Runner Running Shoes,Nike,Footwear > Athletic > Running,Pair,,Volt Green / US 9,SHOE-RN-VLT-9,8855003,Color:Volt Green; Size:US 9,115.00,,20,62.00,Breathable lightweight running shoes with responsive cushioning,NEW_ARRIVAL
Pro Runner Running Shoes,Nike,Footwear > Athletic > Running,Pair,,Volt Green / US 10,SHOE-RN-VLT-10,8855004,Color:Volt Green; Size:US 10,115.00,,25,62.00,Breathable lightweight running shoes with responsive cushioning,NEW_ARRIVAL
